title,url,price,rating,review_count,seller,search_term,scraped_at,is_suspicious,suspicion_reasons,ai_prediction,ai_confidence,ai_probabilities,risk_score,risk_level
"Cartucho Hp 667 Original 3ym79ab Preto p/Deskjet 2376, 2776, 6476, 5076, 5276",https://www.amazon.com.br/s?k=cartucho+HP+667&__mk_pt_BR=%C3%85M%C3%85%C5%BD%C3%95%C3%91&ref=nb_sb_noss#,63.0,4.7,,(13 mil),,2025-09-21 23:27:35,False,[],COMPATIVEL,0.45,"[0.45, 0.44, 0.11]",2,MÉDIO
Valuetoner Cartuchos de Tinta para 667 667XL 667 XL Compatível com DeskJet Ink Advantage 2374 1275 2375 2376 2775 2776e DeskJet Plus 6475 6476 6075 (1 Preto 1 Colorido),https://www.amazon.com.br/s?k=cartucho+HP+667&__mk_pt_BR=%C3%85M%C3%85%C5%BD%C3%95%C3%91&ref=nb_sb_noss#,176.0,4.4,,"(25,6 mil)",,2025-09-21 23:27:35,True,"[""Palavra-chave suspeita: 'compatível'""]",COMPATIVEL,0.49,"[0.49, 0.24, 0.27]",2,MÉDIO
"Kit 4 Cartuchos de Tintas 667/2 unid. Preto e 2 unid. Colorido para Impressora, Conjunto de 4, combo, black, color, tricolor, preço, do mercado, bk, cl.",https://www.amazon.com.br/s?k=cartucho+HP+667&__mk_pt_BR=%C3%85M%C3%85%C5%BD%C3%95%C3%91&ref=nb_sb_noss#,299.0,2.9,,(2),,2025-09-21 23:27:35,False,[],COMPATIVEL,0.58,"[0.58, 0.25, 0.17]",3,MÉDIO
Kit Recarga Compatível Com Impressora 2776 Cartucho 667,https://www.amazon.com.br/s?k=cartucho+HP+667&__mk_pt_BR=%C3%85M%C3%85%C5%BD%C3%95%C3%91&ref=nb_sb_noss#,84.0,5.0,,(1),,2025-09-21 23:27:35,True,"[""Palavra-chave suspeita: 'compatível'""]",COMPATIVEL,0.45,"[0.45, 0.22, 0.33]",2,MÉDIO
"Cartucho Hp 667 Original 3ym79ab Preto p/Deskjet 2376, 2776, 6476, 5076, 5276",https://www.amazon.com.br/Cartucho-HP-Preto-Original-3YM79AB/dp/B08WKPK952/ref=sr_1_5?__mk_pt_BR=%C3%85M%C3%85%C5%BD%C3%95%C3%91&dib=eyJ2IjoiMSJ9.9zzyGXgH6QMHIwa_KE7dPqjeV1q4XyoLGIJ3iKPBDXtPoX3EADNs2IaEc-Vm-f2ScE8OwhM01PtQ0bEIQORttArf3YHXZWPv7fuUafujFz8M95VnxmeO6zN_LaJ8HhRmjUjL7ntoDLv8GqTooUgye070CyhHj5Aa4z7NyEg8RSML9I4yxHwEOO8N1rqx2Dnh_41FXxX6uQgaPsaQ0FrtTuVmKIQrlqx8cfaDHrO8ilBNbNt1Woo6wytfHS5P-w7Q2sGY7VRCg2BIv2nCUy3n3VppQCjo4oeclLw6te32-j4.vuAXWV-Erv-rGPa2JX4UDkgw26wEID254yHSqy9trO0&dib_tag=se&keywords=cartucho+HP+667&qid=1758508510&sr=8-5&ufe=app_do%3Aamzn1.fos.6d798eae-cadf-45de-946a-f477d47705b9,63.0,4.7,,(13 mil),,2025-09-21 23:27:35,False,[],COMPATIVEL,0.45,"[0.45, 0.44, 0.11]",2,MÉDIO
Kit 2 cartucho HP 667 Preto e Colorido,https://www.amazon.com.br/Kit-cartucho-667-Preto-Colorido/dp/B08Q1YQDHJ/ref=sr_1_6?__mk_pt_BR=%C3%85M%C3%85%C5%BD%C3%95%C3%91&dib=eyJ2IjoiMSJ9.9zzyGXgH6QMHIwa_KE7dPqjeV1q4XyoLGIJ3iKPBDXtPoX3EADNs2IaEc-Vm-f2ScE8OwhM01PtQ0bEIQORttArf3YHXZWPv7fuUafujFz8M95VnxmeO6zN_LaJ8HhRmjUjL7ntoDLv8GqTooUgye070CyhHj5Aa4z7NyEg8RSML9I4yxHwEOO8N1rqx2Dnh_41FXxX6uQgaPsaQ0FrtTuVmKIQrlqx8cfaDHrO8ilBNbNt1Woo6wytfHS5P-w7Q2sGY7VRCg2BIv2nCUy3n3VppQCjo4oeclLw6te32-j4.vuAXWV-Erv-rGPa2JX4UDkgw26wEID254yHSqy9trO0&dib_tag=se&keywords=cartucho+HP+667&qid=1758508510&sr=8-6&ufe=app_do%3Aamzn1.fos.6a09f7ec-d911-4889-ad70-de8dd83c8a74,144.0,4.7,,"(1,4 mil)",,2025-09-21 23:27:35,False,[],COMPATIVEL,0.58,"[0.58, 0.21, 0.21]",2,MÉDIO
KIT 2 CARTUCHO DE TINTA HP 667 PRETO E COLOR ORIGINAL 3YM78L DESKJET INK ADVANTAGE 2776,https://www.amazon.com.br/CARTUCHO-HP-ORIGINAL-DESKJET-ADVANTAGE/dp/B005MYZ9A0/ref=sr_1_7?__mk_pt_BR=%C3%85M%C3%85%C5%BD%C3%95%C3%91&dib=eyJ2IjoiMSJ9.9zzyGXgH6QMHIwa_KE7dPqjeV1q4XyoLGIJ3iKPBDXtPoX3EADNs2IaEc-Vm-f2ScE8OwhM01PtQ0bEIQORttArf3YHXZWPv7fuUafujFz8M95VnxmeO6zN_LaJ8HhRmjUjL7ntoDLv8GqTooUgye070CyhHj5Aa4z7NyEg8RSML9I4yxHwEOO8N1rqx2Dnh_41FXxX6uQgaPsaQ0FrtTuVmKIQrlqx8cfaDHrO8ilBNbNt1Woo6wytfHS5P-w7Q2sGY7VRCg2BIv2nCUy3n3VppQCjo4oeclLw6te32-j4.vuAXWV-Erv-rGPa2JX4UDkgw26wEID254yHSqy9trO0&dib_tag=se&keywords=cartucho+HP+667&qid=1758508510&sr=8-7&ufe=app_do%3Aamzn1.fos.6a09f7ec-d911-4889-ad70-de8dd83c8a74,135.0,4.7,,(392),,2025-09-21 23:27:36,False,[],ORIGINAL,0.52,"[0.34, 0.52, 0.14]",1,BAIXO
"Cartucho de Tinta HP, 667 3Ym78AL Color 29290",https://www.amazon.com.br/Cartucho-Tinta-HP-3Ym78AL-Color/dp/B00I3FMUZ2/ref=sr_1_8?__mk_pt_BR=%C3%85M%C3%85%C5%BD%C3%95%C3%91&dib=eyJ2IjoiMSJ9.9zzyGXgH6QMHIwa_KE7dPqjeV1q4XyoLGIJ3iKPBDXtPoX3EADNs2IaEc-Vm-f2ScE8OwhM01PtQ0bEIQORttArf3YHXZWPv7fuUafujFz8M95VnxmeO6zN_LaJ8HhRmjUjL7ntoDLv8GqTooUgye070CyhHj5Aa4z7NyEg8RSML9I4yxHwEOO8N1rqx2Dnh_41FXxX6uQgaPsaQ0FrtTuVmKIQrlqx8cfaDHrO8ilBNbNt1Woo6wytfHS5P-w7Q2sGY7VRCg2BIv2nCUy3n3VppQCjo4oeclLw6te32-j4.vuAXWV-Erv-rGPa2JX4UDkgw26wEID254yHSqy9trO0&dib_tag=se&keywords=cartucho+HP+667&qid=1758508510&sr=8-8&ufe=app_do%3Aamzn1.fos.6d798eae-cadf-45de-946a-f477d47705b9,65.0,4.8,,"(2,3 mil)",,2025-09-21 23:27:36,False,[],COMPATIVEL,0.52,"[0.52, 0.27, 0.21]",2,MÉDIO
Cartucho HP 667XL Preto Original (3YM81AL),https://www.amazon.com.br/Cartucho-HP-667XL-Original-3YM81AL/dp/B08C1XPJGP/ref=sr_1_9?__mk_pt_BR=%C3%85M%C3%85%C5%BD%C3%95%C3%91&dib=eyJ2IjoiMSJ9.9zzyGXgH6QMHIwa_KE7dPqjeV1q4XyoLGIJ3iKPBDXtPoX3EADNs2IaEc-Vm-f2ScE8OwhM01PtQ0bEIQORttArf3YHXZWPv7fuUafujFz8M95VnxmeO6zN_LaJ8HhRmjUjL7ntoDLv8GqTooUgye070CyhHj5Aa4z7NyEg8RSML9I4yxHwEOO8N1rqx2Dnh_41FXxX6uQgaPsaQ0FrtTuVmKIQrlqx8cfaDHrO8ilBNbNt1Woo6wytfHS5P-w7Q2sGY7VRCg2BIv2nCUy3n3VppQCjo4oeclLw6te32-j4.vuAXWV-Erv-rGPa2JX4UDkgw26wEID254yHSqy9trO0&dib_tag=se&keywords=cartucho+HP+667&qid=1758508510&sr=8-9&ufe=app_do%3Aamzn1.fos.6a09f7ec-d911-4889-ad70-de8dd83c8a74,149.0,4.8,,"(2,2 mil)",,2025-09-21 23:27:36,False,[],ORIGINAL,0.45,"[0.41, 0.45, 0.14]",1,BAIXO
Cartucho HP 667 Preto Original (3YM79AL),https://www.amazon.com.br/Cartucho-HP-Preto-Original-3YM79AL/dp/B08C1VQ76Y/ref=sr_1_10?__mk_pt_BR=%C3%85M%C3%85%C5%BD%C3%95%C3%91&dib=eyJ2IjoiMSJ9.9zzyGXgH6QMHIwa_KE7dPqjeV1q4XyoLGIJ3iKPBDXtPoX3EADNs2IaEc-Vm-f2ScE8OwhM01PtQ0bEIQORttArf3YHXZWPv7fuUafujFz8M95VnxmeO6zN_LaJ8HhRmjUjL7ntoDLv8GqTooUgye070CyhHj5Aa4z7NyEg8RSML9I4yxHwEOO8N1rqx2Dnh_41FXxX6uQgaPsaQ0FrtTuVmKIQrlqx8cfaDHrO8ilBNbNt1Woo6wytfHS5P-w7Q2sGY7VRCg2BIv2nCUy3n3VppQCjo4oeclLw6te32-j4.vuAXWV-Erv-rGPa2JX4UDkgw26wEID254yHSqy9trO0&dib_tag=se&keywords=cartucho+HP+667&qid=1758508510&sr=8-10&ufe=app_do%3Aamzn1.fos.6d798eae-cadf-45de-946a-f477d47705b9,89.0,4.7,,(3 mil),,2025-09-21 23:27:36,False,[],COMPATIVEL,0.43,"[0.43, 0.42, 0.15]",2,MÉDIO
Valuetoner Cartuchos de Tinta para 667 667XL 667 XL Compatível com DeskJet Ink Advantage 2374 1275 2375 2376 2775 2776e DeskJet Plus 6475 6476 6075 (1 Preto 1 Colorido),https://www.amazon.com.br/Valuetoner-Cartuchos-667XL-Compat%C3%ADvel-Advantage/dp/B0DPHMK9HV/ref=sr_1_11?__mk_pt_BR=%C3%85M%C3%85%C5%BD%C3%95%C3%91&dib=eyJ2IjoiMSJ9.9zzyGXgH6QMHIwa_KE7dPqjeV1q4XyoLGIJ3iKPBDXtPoX3EADNs2IaEc-Vm-f2ScE8OwhM01PtQ0bEIQORttArf3YHXZWPv7fuUafujFz8M95VnxmeO6zN_LaJ8HhRmjUjL7ntoDLv8GqTooUgye070CyhHj5Aa4z7NyEg8RSML9I4yxHwEOO8N1rqx2Dnh_41FXxX6uQgaPsaQ0FrtTuVmKIQrlqx8cfaDHrO8ilBNbNt1Woo6wytfHS5P-w7Q2sGY7VRCg2BIv2nCUy3n3VppQCjo4oeclLw6te32-j4.vuAXWV-Erv-rGPa2JX4UDkgw26wEID254yHSqy9trO0&dib_tag=se&keywords=cartucho+HP+667&qid=1758508510&sr=8-11&ufe=app_do%3Aamzn1.fos.db68964d-7c0e-4bb2-a95c-e5cb9e32eb12,176.0,4.4,,"(25,6 mil)",,2025-09-21 23:27:36,True,"[""Palavra-chave suspeita: 'compatível'""]",COMPATIVEL,0.49,"[0.49, 0.24, 0.27]",2,MÉDIO
Cartucho HP - 667XL Colorido Original (3YM80AL),https://www.amazon.com.br/Cartucho-HP-Colorido-Original-3YM80AL/dp/B08C28F87W/ref=sr_1_12?__mk_pt_BR=%C3%85M%C3%85%C5%BD%C3%95%C3%91&dib=eyJ2IjoiMSJ9.9zzyGXgH6QMHIwa_KE7dPqjeV1q4XyoLGIJ3iKPBDXtPoX3EADNs2IaEc-Vm-f2ScE8OwhM01PtQ0bEIQORttArf3YHXZWPv7fuUafujFz8M95VnxmeO6zN_LaJ8HhRmjUjL7ntoDLv8GqTooUgye070CyhHj5Aa4z7NyEg8RSML9I4yxHwEOO8N1rqx2Dnh_41FXxX6uQgaPsaQ0FrtTuVmKIQrlqx8cfaDHrO8ilBNbNt1Woo6wytfHS5P-w7Q2sGY7VRCg2BIv2nCUy3n3VppQCjo4oeclLw6te32-j4.vuAXWV-Erv-rGPa2JX4UDkgw26wEID254yHSqy9trO0&dib_tag=se&keywords=cartucho+HP+667&qid=1758508510&sr=8-12&ufe=app_do%3Aamzn1.fos.6a09f7ec-d911-4889-ad70-de8dd83c8a74,149.0,4.8,,(973),,2025-09-21 23:27:36,False,[],ORIGINAL,0.47,"[0.38, 0.47, 0.15]",1,BAIXO
"Cartucho de Tinta 667 Preto e Colorido para Impressora, Conjunto de 2",https://www.amazon.com.br/Cartucho-Tinta-Colorido-Impressora-Conjunto/dp/B0DX444M3M/ref=sr_1_13?__mk_pt_BR=%C3%85M%C3%85%C5%BD%C3%95%C3%91&dib=eyJ2IjoiMSJ9.9zzyGXgH6QMHIwa_KE7dPqjeV1q4XyoLGIJ3iKPBDXtPoX3EADNs2IaEc-Vm-f2ScE8OwhM01PtQ0bEIQORttArf3YHXZWPv7fuUafujFz8M95VnxmeO6zN_LaJ8HhRmjUjL7ntoDLv8GqTooUgye070CyhHj5Aa4z7NyEg8RSML9I4yxHwEOO8N1rqx2Dnh_41FXxX6uQgaPsaQ0FrtTuVmKIQrlqx8cfaDHrO8ilBNbNt1Woo6wytfHS5P-w7Q2sGY7VRCg2BIv2nCUy3n3VppQCjo4oeclLw6te32-j4.vuAXWV-Erv-rGPa2JX4UDkgw26wEID254yHSqy9trO0&dib_tag=se&keywords=cartucho+HP+667&qid=1758508510&sr=8-13&ufe=app_do%3Aamzn1.fos.db68964d-7c0e-4bb2-a95c-e5cb9e32eb12,162.0,5.0,,(1),,2025-09-21 23:27:36,False,[],COMPATIVEL,0.51,"[0.51, 0.27, 0.22]",2,MÉDIO
Kit com 02 Cartuchos H.P 667 - Preto e Colorido,https://www.amazon.com.br/Kit-com-Cartuchos-H-P-667/dp/B0DZD6SBYJ/ref=sr_1_14?__mk_pt_BR=%C3%85M%C3%85%C5%BD%C3%95%C3%91&dib=eyJ2IjoiMSJ9.9zzyGXgH6QMHIwa_KE7dPqjeV1q4XyoLGIJ3iKPBDXtPoX3EADNs2IaEc-Vm-f2ScE8OwhM01PtQ0bEIQORttArf3YHXZWPv7fuUafujFz8M95VnxmeO6zN_LaJ8HhRmjUjL7ntoDLv8GqTooUgye070CyhHj5Aa4z7NyEg8RSML9I4yxHwEOO8N1rqx2Dnh_41FXxX6uQgaPsaQ0FrtTuVmKIQrlqx8cfaDHrO8ilBNbNt1Woo6wytfHS5P-w7Q2sGY7VRCg2BIv2nCUy3n3VppQCjo4oeclLw6te32-j4.vuAXWV-Erv-rGPa2JX4UDkgw26wEID254yHSqy9trO0&dib_tag=se&keywords=cartucho+HP+667&qid=1758508510&sr=8-14&ufe=app_do%3Aamzn1.fos.db68964d-7c0e-4bb2-a95c-e5cb9e32eb12,165.0,4.7,,(4),,2025-09-21 23:27:36,False,[],COMPATIVEL,0.68,"[0.68, 0.18, 0.14]",2,MÉDIO
"Kit Cartucho de Tinta 667 Preto e Colorido para Impressora, Conjunto de 2, combo, black, color, tricolor, preço, do mercado, bk, cl.",https://www.amazon.com.br/Cartucho-667-Colorido-Impressora-Conjunto/dp/B0F6NQ2SSL/ref=sr_1_15?__mk_pt_BR=%C3%85M%C3%85%C5%BD%C3%95%C3%91&dib=eyJ2IjoiMSJ9.9zzyGXgH6QMHIwa_KE7dPqjeV1q4XyoLGIJ3iKPBDXtPoX3EADNs2IaEc-Vm-f2ScE8OwhM01PtQ0bEIQORttArf3YHXZWPv7fuUafujFz8M95VnxmeO6zN_LaJ8HhRmjUjL7ntoDLv8GqTooUgye070CyhHj5Aa4z7NyEg8RSML9I4yxHwEOO8N1rqx2Dnh_41FXxX6uQgaPsaQ0FrtTuVmKIQrlqx8cfaDHrO8ilBNbNt1Woo6wytfHS5P-w7Q2sGY7VRCg2BIv2nCUy3n3VppQCjo4oeclLw6te32-j4.vuAXWV-Erv-rGPa2JX4UDkgw26wEID254yHSqy9trO0&dib_tag=se&keywords=cartucho+HP+667&qid=1758508510&sr=8-15&ufe=app_do%3Aamzn1.fos.db68964d-7c0e-4bb2-a95c-e5cb9e32eb12,168.0,5.0,,(3),,2025-09-21 23:27:36,False,[],COMPATIVEL,0.49,"[0.49, 0.29, 0.22]",2,MÉDIO
Kit Recarga Cartucho Compatível com Impressora 2700 2774 2776 Deskjet Advantage 667,https://www.amazon.com.br/Recarga-Cartucho-Compat%C3%ADvel-Impressora-Advantage/dp/B0CKCYRKHP/ref=sr_1_16?__mk_pt_BR=%C3%85M%C3%85%C5%BD%C3%95%C3%91&dib=eyJ2IjoiMSJ9.9zzyGXgH6QMHIwa_KE7dPqjeV1q4XyoLGIJ3iKPBDXtPoX3EADNs2IaEc-Vm-f2ScE8OwhM01PtQ0bEIQORttArf3YHXZWPv7fuUafujFz8M95VnxmeO6zN_LaJ8HhRmjUjL7ntoDLv8GqTooUgye070CyhHj5Aa4z7NyEg8RSML9I4yxHwEOO8N1rqx2Dnh_41FXxX6uQgaPsaQ0FrtTuVmKIQrlqx8cfaDHrO8ilBNbNt1Woo6wytfHS5P-w7Q2sGY7VRCg2BIv2nCUy3n3VppQCjo4oeclLw6te32-j4.vuAXWV-Erv-rGPa2JX4UDkgw26wEID254yHSqy9trO0&dib_tag=se&keywords=cartucho+HP+667&qid=1758508510&sr=8-16&ufe=app_do%3Aamzn1.fos.6d798eae-cadf-45de-946a-f477d47705b9,79.0,4.0,,(4),,2025-09-21 23:27:36,True,"[""Palavra-chave suspeita: 'compatível'""]",COMPATIVEL,0.42,"[0.42, 0.3, 0.28]",2,MÉDIO
"Kit 4 Cartuchos de Tintas 667/2 unid. Preto e 2 unid. Colorido para Impressora, Conjunto de 4, combo, black, color, tricolor, preço, do mercado, bk, cl.",https://www.amazon.com.br/Cartuchos-667-Colorido-Impressora-Conjunto/dp/B0F7S5RW5R/ref=sr_1_17?__mk_pt_BR=%C3%85M%C3%85%C5%BD%C3%95%C3%91&dib=eyJ2IjoiMSJ9.9zzyGXgH6QMHIwa_KE7dPqjeV1q4XyoLGIJ3iKPBDXtPoX3EADNs2IaEc-Vm-f2ScE8OwhM01PtQ0bEIQORttArf3YHXZWPv7fuUafujFz8M95VnxmeO6zN_LaJ8HhRmjUjL7ntoDLv8GqTooUgye070CyhHj5Aa4z7NyEg8RSML9I4yxHwEOO8N1rqx2Dnh_41FXxX6uQgaPsaQ0FrtTuVmKIQrlqx8cfaDHrO8ilBNbNt1Woo6wytfHS5P-w7Q2sGY7VRCg2BIv2nCUy3n3VppQCjo4oeclLw6te32-j4.vuAXWV-Erv-rGPa2JX4UDkgw26wEID254yHSqy9trO0&dib_tag=se&keywords=cartucho+HP+667&qid=1758508510&sr=8-17&ufe=app_do%3Aamzn1.fos.fcd6d665-32ba-4479-9f21-b774e276a678,299.0,2.9,,(2),,2025-09-21 23:27:37,False,[],COMPATIVEL,0.58,"[0.58, 0.25, 0.17]",3,MÉDIO
Cartucho Compatível HP 667XL Preto 14ml + Colorido 13ml para DeskJet 2774 2722 2376 Printech + Microjet 100% novo,https://www.amazon.com.br/Cartucho-Compat%C3%ADvel-667XL-Colorido-Printech/dp/B0FCPC9293/ref=sr_1_18?__mk_pt_BR=%C3%85M%C3%85%C5%BD%C3%95%C3%91&dib=eyJ2IjoiMSJ9.9zzyGXgH6QMHIwa_KE7dPqjeV1q4XyoLGIJ3iKPBDXtPoX3EADNs2IaEc-Vm-f2ScE8OwhM01PtQ0bEIQORttArf3YHXZWPv7fuUafujFz8M95VnxmeO6zN_LaJ8HhRmjUjL7ntoDLv8GqTooUgye070CyhHj5Aa4z7NyEg8RSML9I4yxHwEOO8N1rqx2Dnh_41FXxX6uQgaPsaQ0FrtTuVmKIQrlqx8cfaDHrO8ilBNbNt1Woo6wytfHS5P-w7Q2sGY7VRCg2BIv2nCUy3n3VppQCjo4oeclLw6te32-j4.vuAXWV-Erv-rGPa2JX4UDkgw26wEID254yHSqy9trO0&dib_tag=se&keywords=cartucho+HP+667&qid=1758508510&sr=8-18&ufe=app_do%3Aamzn1.fos.fcd6d665-32ba-4479-9f21-b774e276a678,229.0,,,Amazon.com.br,,2025-09-21 23:27:37,True,"[""Palavra-chave suspeita: 'compatível'""]",COMPATIVEL,0.38,"[0.38, 0.33, 0.29]",3,MÉDIO
"667XL 667 XL preto e colorido de substituição para HP 667 XL 667 cartuchos de tinta para Deskjet Ink Advantage 1275 2375, DeskJet2775, 1275 2374 2375 2376 2775 2776 6075 6475 6476 Impressoras (1",https://www.amazon.com.br/667-substitui%C3%A7%C3%A3o-cartuchos-DeskJet2775-Impressoras/dp/B0DW3LHS36/ref=sr_1_19?__mk_pt_BR=%C3%85M%C3%85%C5%BD%C3%95%C3%91&dib=eyJ2IjoiMSJ9.9zzyGXgH6QMHIwa_KE7dPqjeV1q4XyoLGIJ3iKPBDXtPoX3EADNs2IaEc-Vm-f2ScE8OwhM01PtQ0bEIQORttArf3YHXZWPv7fuUafujFz8M95VnxmeO6zN_LaJ8HhRmjUjL7ntoDLv8GqTooUgye070CyhHj5Aa4z7NyEg8RSML9I4yxHwEOO8N1rqx2Dnh_41FXxX6uQgaPsaQ0FrtTuVmKIQrlqx8cfaDHrO8ilBNbNt1Woo6wytfHS5P-w7Q2sGY7VRCg2BIv2nCUy3n3VppQCjo4oeclLw6te32-j4.vuAXWV-Erv-rGPa2JX4UDkgw26wEID254yHSqy9trO0&dib_tag=se&keywords=cartucho+HP+667&qid=1758508510&sr=8-19&ufe=app_do%3Aamzn1.fos.fcd6d665-32ba-4479-9f21-b774e276a678,343.0,4.2,,(24),,2025-09-21 23:27:37,False,[],COMPATIVEL,0.6,"[0.6, 0.24, 0.16]",3,MÉDIO
Cartucho 667XL Color 13ml Compatível HP 100% Novo – Printech by Microjet (Colorido),https://www.amazon.com.br/Cartucho-667XL-Color-13ml-Compat%C3%ADvel/dp/B0FCPJRY93/ref=sr_1_20?__mk_pt_BR=%C3%85M%C3%85%C5%BD%C3%95%C3%91&dib=eyJ2IjoiMSJ9.9zzyGXgH6QMHIwa_KE7dPqjeV1q4XyoLGIJ3iKPBDXtPoX3EADNs2IaEc-Vm-f2ScE8OwhM01PtQ0bEIQORttArf3YHXZWPv7fuUafujFz8M95VnxmeO6zN_LaJ8HhRmjUjL7ntoDLv8GqTooUgye070CyhHj5Aa4z7NyEg8RSML9I4yxHwEOO8N1rqx2Dnh_41FXxX6uQgaPsaQ0FrtTuVmKIQrlqx8cfaDHrO8ilBNbNt1Woo6wytfHS5P-w7Q2sGY7VRCg2BIv2nCUy3n3VppQCjo4oeclLw6te32-j4.vuAXWV-Erv-rGPa2JX4UDkgw26wEID254yHSqy9trO0&dib_tag=se&keywords=cartucho+HP+667&qid=1758508510&sr=8-20&ufe=app_do%3Aamzn1.fos.6a09f7ec-d911-4889-ad70-de8dd83c8a74,129.0,5.0,,(1),,2025-09-21 23:27:37,True,"[""Palavra-chave suspeita: 'compatível'""]",COMPATIVEL,0.38,"[0.38, 0.35, 0.27]",2,MÉDIO
"Kit com 02 Cartuchos de Tinta H P 667XL - Colorido + Preto Original - Para Deskjet Ink Advantage 2376, 2776, 6476, 5076, 5276",https://www.amazon.com.br/Kit-com-Cartuchos-Tinta-667XL/dp/B0CMWBHCGM/ref=sr_1_21?__mk_pt_BR=%C3%85M%C3%85%C5%BD%C3%95%C3%91&dib=eyJ2IjoiMSJ9.9zzyGXgH6QMHIwa_KE7dPqjeV1q4XyoLGIJ3iKPBDXtPoX3EADNs2IaEc-Vm-f2ScE8OwhM01PtQ0bEIQORttArf3YHXZWPv7fuUafujFz8M95VnxmeO6zN_LaJ8HhRmjUjL7ntoDLv8GqTooUgye070CyhHj5Aa4z7NyEg8RSML9I4yxHwEOO8N1rqx2Dnh_41FXxX6uQgaPsaQ0FrtTuVmKIQrlqx8cfaDHrO8ilBNbNt1Woo6wytfHS5P-w7Q2sGY7VRCg2BIv2nCUy3n3VppQCjo4oeclLw6te32-j4.vuAXWV-Erv-rGPa2JX4UDkgw26wEID254yHSqy9trO0&dib_tag=se&keywords=cartucho+HP+667&qid=1758508510&sr=8-21,,4.3,,(8),,2025-09-21 23:27:37,False,[],ORIGINAL,0.52,"[0.4, 0.52, 0.08]",1,BAIXO
Kit Recarga Compatível Com Impressora 2776 Cartucho 667,https://www.amazon.com.br/Recarga-Compat%C3%ADvel-Impressora-2776-Cartucho/dp/B0CC3PR229/ref=sr_1_22?__mk_pt_BR=%C3%85M%C3%85%C5%BD%C3%95%C3%91&dib=eyJ2IjoiMSJ9.9zzyGXgH6QMHIwa_KE7dPqjeV1q4XyoLGIJ3iKPBDXtPoX3EADNs2IaEc-Vm-f2ScE8OwhM01PtQ0bEIQORttArf3YHXZWPv7fuUafujFz8M95VnxmeO6zN_LaJ8HhRmjUjL7ntoDLv8GqTooUgye070CyhHj5Aa4z7NyEg8RSML9I4yxHwEOO8N1rqx2Dnh_41FXxX6uQgaPsaQ0FrtTuVmKIQrlqx8cfaDHrO8ilBNbNt1Woo6wytfHS5P-w7Q2sGY7VRCg2BIv2nCUy3n3VppQCjo4oeclLw6te32-j4.vuAXWV-Erv-rGPa2JX4UDkgw26wEID254yHSqy9trO0&dib_tag=se&keywords=cartucho+HP+667&qid=1758508510&sr=8-22&ufe=app_do%3Aamzn1.fos.6d798eae-cadf-45de-946a-f477d47705b9,84.0,5.0,,(1),,2025-09-21 23:27:37,True,"[""Palavra-chave suspeita: 'compatível'""]",COMPATIVEL,0.45,"[0.45, 0.22, 0.33]",2,MÉDIO
fannster Cartuchos de tinta de substituição 667XL 667 XL 667 para hp 667 cartuchos de tinta pretos e coloridos para Deskjet 1275 2374 2375 2376 2775 2776 6075 6475 6476 impressora (1 preta e 1,https://www.amazon.com.br/fannster-Cartuchos-substitui%C3%A7%C3%A3o-cartuchos-impressora/dp/B0F1YFN7YB/ref=sr_1_23?__mk_pt_BR=%C3%85M%C3%85%C5%BD%C3%95%C3%91&dib=eyJ2IjoiMSJ9.9zzyGXgH6QMHIwa_KE7dPqjeV1q4XyoLGIJ3iKPBDXtPoX3EADNs2IaEc-Vm-f2ScE8OwhM01PtQ0bEIQORttArf3YHXZWPv7fuUafujFz8M95VnxmeO6zN_LaJ8HhRmjUjL7ntoDLv8GqTooUgye070CyhHj5Aa4z7NyEg8RSML9I4yxHwEOO8N1rqx2Dnh_41FXxX6uQgaPsaQ0FrtTuVmKIQrlqx8cfaDHrO8ilBNbNt1Woo6wytfHS5P-w7Q2sGY7VRCg2BIv2nCUy3n3VppQCjo4oeclLw6te32-j4.vuAXWV-Erv-rGPa2JX4UDkgw26wEID254yHSqy9trO0&dib_tag=se&keywords=cartucho+HP+667&qid=1758508510&sr=8-23&ufe=app_do%3Aamzn1.fos.fcd6d665-32ba-4479-9f21-b774e276a678,334.0,5.0,,(4),,2025-09-21 23:27:37,False,[],COMPATIVEL,0.58,"[0.58, 0.21, 0.21]",3,MÉDIO
"Cartucho de tinta H P 667 Preto Original (3YM79AB) Para Deskjet Ink Advantage 2376, 2776, 6476, 5076, 5276",https://www.amazon.com.br/Cartucho-667-Original-3YM79AB-Advantage/dp/B0CDQJC9WC/ref=sr_1_24?__mk_pt_BR=%C3%85M%C3%85%C5%BD%C3%95%C3%91&dib=eyJ2IjoiMSJ9.9zzyGXgH6QMHIwa_KE7dPqjeV1q4XyoLGIJ3iKPBDXtPoX3EADNs2IaEc-Vm-f2ScE8OwhM01PtQ0bEIQORttArf3YHXZWPv7fuUafujFz8M95VnxmeO6zN_LaJ8HhRmjUjL7ntoDLv8GqTooUgye070CyhHj5Aa4z7NyEg8RSML9I4yxHwEOO8N1rqx2Dnh_41FXxX6uQgaPsaQ0FrtTuVmKIQrlqx8cfaDHrO8ilBNbNt1Woo6wytfHS5P-w7Q2sGY7VRCg2BIv2nCUy3n3VppQCjo4oeclLw6te32-j4.vuAXWV-Erv-rGPa2JX4UDkgw26wEID254yHSqy9trO0&dib_tag=se&keywords=cartucho+HP+667&qid=1758508510&sr=8-24,,5.0,,(3),,2025-09-21 23:27:37,False,[],ORIGINAL,0.54,"[0.36, 0.54, 0.1]",1,BAIXO
Kit 2 Tinta Stkink Black Compatível Advantage 667 667XL 2874 2774 2376 60K46A 100ml,https://www.amazon.com.br/Stkink-Compat%C3%ADvel-Advantage-667XL-60K46A/dp/B0DPNJVCNN/ref=sr_1_25?__mk_pt_BR=%C3%85M%C3%85%C5%BD%C3%95%C3%91&dib=eyJ2IjoiMSJ9.9zzyGXgH6QMHIwa_KE7dPqjeV1q4XyoLGIJ3iKPBDXtPoX3EADNs2IaEc-Vm-f2ScE8OwhM01PtQ0bEIQORttArf3YHXZWPv7fuUafujFz8M95VnxmeO6zN_LaJ8HhRmjUjL7ntoDLv8GqTooUgye070CyhHj5Aa4z7NyEg8RSML9I4yxHwEOO8N1rqx2Dnh_41FXxX6uQgaPsaQ0FrtTuVmKIQrlqx8cfaDHrO8ilBNbNt1Woo6wytfHS5P-w7Q2sGY7VRCg2BIv2nCUy3n3VppQCjo4oeclLw6te32-j4.vuAXWV-Erv-rGPa2JX4UDkgw26wEID254yHSqy9trO0&dib_tag=se&keywords=cartucho+HP+667&qid=1758508510&sr=8-25&ufe=app_do%3Aamzn1.fos.6d798eae-cadf-45de-946a-f477d47705b9,56.0,,,Amazon.com.br,,2025-09-21 23:27:37,True,"[""Palavra-chave suspeita: 'compatível'""]",COMPATIVEL,0.47,"[0.47, 0.24, 0.29]",2,MÉDIO
"Kit Cartucho 667 Preto E Colorido + Folha A4 500 unid, Kit escritório, econômico, folhas, Resmas, papel de qualidade, Combo, DeskJet Ink Advantage, 2376, 2776, 6476, resma, black, color, original.",https://www.amazon.com.br/667-escrit%C3%B3rio-econ%C3%B4mico-qualidade-Advantage/dp/B0DJWF6VW9/ref=sr_1_26?__mk_pt_BR=%C3%85M%C3%85%C5%BD%C3%95%C3%91&dib=eyJ2IjoiMSJ9.9zzyGXgH6QMHIwa_KE7dPqjeV1q4XyoLGIJ3iKPBDXtPoX3EADNs2IaEc-Vm-f2ScE8OwhM01PtQ0bEIQORttArf3YHXZWPv7fuUafujFz8M95VnxmeO6zN_LaJ8HhRmjUjL7ntoDLv8GqTooUgye070CyhHj5Aa4z7NyEg8RSML9I4yxHwEOO8N1rqx2Dnh_41FXxX6uQgaPsaQ0FrtTuVmKIQrlqx8cfaDHrO8ilBNbNt1Woo6wytfHS5P-w7Q2sGY7VRCg2BIv2nCUy3n3VppQCjo4oeclLw6te32-j4.vuAXWV-Erv-rGPa2JX4UDkgw26wEID254yHSqy9trO0&dib_tag=se&keywords=cartucho+HP+667&qid=1758508510&sr=8-26&ufe=app_do%3Aamzn1.fos.fcd6d665-32ba-4479-9f21-b774e276a678,189.0,5.0,,(3),,2025-09-21 23:27:37,False,[],ORIGINAL,0.49,"[0.41, 0.49, 0.1]",1,BAIXO
Kit com 02 Cartuchos HP 667 Preto e Colorido,https://www.amazon.com.br/Kit-Cartuchos-667-Preto-Colorido/dp/B0CDQHSJCF/ref=sr_1_27?__mk_pt_BR=%C3%85M%C3%85%C5%BD%C3%95%C3%91&dib=eyJ2IjoiMSJ9.9zzyGXgH6QMHIwa_KE7dPqjeV1q4XyoLGIJ3iKPBDXtPoX3EADNs2IaEc-Vm-f2ScE8OwhM01PtQ0bEIQORttArf3YHXZWPv7fuUafujFz8M95VnxmeO6zN_LaJ8HhRmjUjL7ntoDLv8GqTooUgye070CyhHj5Aa4z7NyEg8RSML9I4yxHwEOO8N1rqx2Dnh_41FXxX6uQgaPsaQ0FrtTuVmKIQrlqx8cfaDHrO8ilBNbNt1Woo6wytfHS5P-w7Q2sGY7VRCg2BIv2nCUy3n3VppQCjo4oeclLw6te32-j4.vuAXWV-Erv-rGPa2JX4UDkgw26wEID254yHSqy9trO0&dib_tag=se&keywords=cartucho+HP+667&qid=1758508510&sr=8-27,,,,Amazon.com.br,,2025-09-21 23:27:38,False,[],COMPATIVEL,0.67,"[0.67, 0.19, 0.14]",2,MÉDIO
"Supreme Quality Kit 2x Cartucho Compatível 667XL Rendimento Extra 14ml Novo - Colorido - Água Base - Compatível com HP Deskjet Ink Advantage 1275, 2374, 2375, 2376, 2775, 2776, 6475, 6476",https://www.amazon.com.br/Cartucho-Compat%C3%ADvel-667xl-Rendimento-Extra/dp/B0BZ96VZKW/ref=sr_1_28?__mk_pt_BR=%C3%85M%C3%85%C5%BD%C3%95%C3%91&dib=eyJ2IjoiMSJ9.9zzyGXgH6QMHIwa_KE7dPqjeV1q4XyoLGIJ3iKPBDXtPoX3EADNs2IaEc-Vm-f2ScE8OwhM01PtQ0bEIQORttArf3YHXZWPv7fuUafujFz8M95VnxmeO6zN_LaJ8HhRmjUjL7ntoDLv8GqTooUgye070CyhHj5Aa4z7NyEg8RSML9I4yxHwEOO8N1rqx2Dnh_41FXxX6uQgaPsaQ0FrtTuVmKIQrlqx8cfaDHrO8ilBNbNt1Woo6wytfHS5P-w7Q2sGY7VRCg2BIv2nCUy3n3VppQCjo4oeclLw6te32-j4.vuAXWV-Erv-rGPa2JX4UDkgw26wEID254yHSqy9trO0&dib_tag=se&keywords=cartucho+HP+667&qid=1758508510&sr=8-28&ufe=app_do%3Aamzn1.fos.fcd6d665-32ba-4479-9f21-b774e276a678,293.0,5.0,,(2),,2025-09-21 23:27:38,True,"[""Palavra-chave suspeita: 'compatível'""]",COMPATIVEL,0.43,"[0.43, 0.31, 0.26]",3,MÉDIO
"Cartuchos de tinta 667XL pretos e coloridos de substituição para HP 667 XL 667 cartuchos de tinta funcionam para Deskjet Ink Advantage 1275 2375 2775, Deskjet Ink Advantage Plus 6075 6475 6476 (1",https://www.amazon.com.br/Cartuchos-667XL-coloridos-substitui%C3%A7%C3%A3o-Ink/dp/B0DMVWWGM1/ref=sr_1_29?__mk_pt_BR=%C3%85M%C3%85%C5%BD%C3%95%C3%91&dib=eyJ2IjoiMSJ9.9zzyGXgH6QMHIwa_KE7dPqjeV1q4XyoLGIJ3iKPBDXtPoX3EADNs2IaEc-Vm-f2ScE8OwhM01PtQ0bEIQORttArf3YHXZWPv7fuUafujFz8M95VnxmeO6zN_LaJ8HhRmjUjL7ntoDLv8GqTooUgye070CyhHj5Aa4z7NyEg8RSML9I4yxHwEOO8N1rqx2Dnh_41FXxX6uQgaPsaQ0FrtTuVmKIQrlqx8cfaDHrO8ilBNbNt1Woo6wytfHS5P-w7Q2sGY7VRCg2BIv2nCUy3n3VppQCjo4oeclLw6te32-j4.vuAXWV-Erv-rGPa2JX4UDkgw26wEID254yHSqy9trO0&dib_tag=se&keywords=cartucho+HP+667&qid=1758508510&sr=8-29&ufe=app_do%3Aamzn1.fos.fcd6d665-32ba-4479-9f21-b774e276a678,287.0,3.8,,(12),,2025-09-21 23:27:38,False,[],COMPATIVEL,0.55,"[0.55, 0.29, 0.16]",3,MÉDIO
Cartucho De Impressora 667xl 14ML Preto Compatível,https://www.amazon.com.br/Cartucho-Impressora-667xl-Preto-Compat%C3%ADvel/dp/B0C75VMG4R/ref=sr_1_30?__mk_pt_BR=%C3%85M%C3%85%C5%BD%C3%95%C3%91&dib=eyJ2IjoiMSJ9.9zzyGXgH6QMHIwa_KE7dPqjeV1q4XyoLGIJ3iKPBDXtPoX3EADNs2IaEc-Vm-f2ScE8OwhM01PtQ0bEIQORttArf3YHXZWPv7fuUafujFz8M95VnxmeO6zN_LaJ8HhRmjUjL7ntoDLv8GqTooUgye070CyhHj5Aa4z7NyEg8RSML9I4yxHwEOO8N1rqx2Dnh_41FXxX6uQgaPsaQ0FrtTuVmKIQrlqx8cfaDHrO8ilBNbNt1Woo6wytfHS5P-w7Q2sGY7VRCg2BIv2nCUy3n3VppQCjo4oeclLw6te32-j4.vuAXWV-Erv-rGPa2JX4UDkgw26wEID254yHSqy9trO0&dib_tag=se&keywords=cartucho+HP+667&qid=1758508510&sr=8-30&ufe=app_do%3Aamzn1.fos.db68964d-7c0e-4bb2-a95c-e5cb9e32eb12,165.0,4.1,,(5),,2025-09-21 23:27:38,True,"[""Palavra-chave suspeita: 'compatível'""]",COMPATIVEL,0.46,"[0.46, 0.26, 0.28]",2,MÉDIO
"Cartucho de tinta 667XL preto e colorido, pacote combo compatível com HP Ink 667 667XL, tinta para impressora, funciona com impressoras DeskJet 1275 2374 2375 2376 2775 2776 6075 6475 6476 (pacote com",https://www.amazon.com.br/Cartucho-667XL-compat%C3%ADvel-impressora-impressoras/dp/B0F24L86XP/ref=sr_1_31?__mk_pt_BR=%C3%85M%C3%85%C5%BD%C3%95%C3%91&dib=eyJ2IjoiMSJ9.9zzyGXgH6QMHIwa_KE7dPqjeV1q4XyoLGIJ3iKPBDXtPoX3EADNs2IaEc-Vm-f2ScE8OwhM01PtQ0bEIQORttArf3YHXZWPv7fuUafujFz8M95VnxmeO6zN_LaJ8HhRmjUjL7ntoDLv8GqTooUgye070CyhHj5Aa4z7NyEg8RSML9I4yxHwEOO8N1rqx2Dnh_41FXxX6uQgaPsaQ0FrtTuVmKIQrlqx8cfaDHrO8ilBNbNt1Woo6wytfHS5P-w7Q2sGY7VRCg2BIv2nCUy3n3VppQCjo4oeclLw6te32-j4.vuAXWV-Erv-rGPa2JX4UDkgw26wEID254yHSqy9trO0&dib_tag=se&keywords=cartucho+HP+667&qid=1758508510&sr=8-31&ufe=app_do%3Aamzn1.fos.4bddec23-2dcf-4403-8597-e1a02442043d,452.0,,,Amazon.com.br,,2025-09-21 23:27:38,True,"[""Palavra-chave suspeita: 'compatível'""]",COMPATIVEL,0.45,"[0.45, 0.21, 0.34]",3,MÉDIO
"Cartucho 667 Colorido Original (3YM78AB) Para impressoras Deskjet 1275, 2374, 2375, 2376, 2775, 2776, 6475, 6476, 5076, 5276",https://www.amazon.com.br/Cartucho-Colorido-Original-3YM78AB-impressoras/dp/B0F3Z7YX2T/ref=sr_1_32?__mk_pt_BR=%C3%85M%C3%85%C5%BD%C3%95%C3%91&dib=eyJ2IjoiMSJ9.9zzyGXgH6QMHIwa_KE7dPqjeV1q4XyoLGIJ3iKPBDXtPoX3EADNs2IaEc-Vm-f2ScE8OwhM01PtQ0bEIQORttArf3YHXZWPv7fuUafujFz8M95VnxmeO6zN_LaJ8HhRmjUjL7ntoDLv8GqTooUgye070CyhHj5Aa4z7NyEg8RSML9I4yxHwEOO8N1rqx2Dnh_41FXxX6uQgaPsaQ0FrtTuVmKIQrlqx8cfaDHrO8ilBNbNt1Woo6wytfHS5P-w7Q2sGY7VRCg2BIv2nCUy3n3VppQCjo4oeclLw6te32-j4.vuAXWV-Erv-rGPa2JX4UDkgw26wEID254yHSqy9trO0&dib_tag=se&keywords=cartucho+HP+667&qid=1758508510&sr=8-32,,,,Amazon.com.br,,2025-09-21 23:27:38,False,[],COMPATIVEL,0.43,"[0.43, 0.37, 0.2]",2,MÉDIO
"YATUNINK Cartuchos de tinta 667XL 667 pretos e coloridos compatíveis com cartuchos de tinta HP 667, funciona com impressora DeskJet 1275 2374 2375 2376 2775 2776 6075 6475 6476 (1 preto, 1 cor) pacote",https://www.amazon.com.br/YATUNINK-Cartuchos-coloridos-compat%C3%ADveis-impressora/dp/B0DMNSRBYV/ref=sr_1_33?__mk_pt_BR=%C3%85M%C3%85%C5%BD%C3%95%C3%91&dib=eyJ2IjoiMSJ9.9zzyGXgH6QMHIwa_KE7dPqjeV1q4XyoLGIJ3iKPBDXtPoX3EADNs2IaEc-Vm-f2ScE8OwhM01PtQ0bEIQORttArf3YHXZWPv7fuUafujFz8M95VnxmeO6zN_LaJ8HhRmjUjL7ntoDLv8GqTooUgye070CyhHj5Aa4z7NyEg8RSML9I4yxHwEOO8N1rqx2Dnh_41FXxX6uQgaPsaQ0FrtTuVmKIQrlqx8cfaDHrO8ilBNbNt1Woo6wytfHS5P-w7Q2sGY7VRCg2BIv2nCUy3n3VppQCjo4oeclLw6te32-j4.vuAXWV-Erv-rGPa2JX4UDkgw26wEID254yHSqy9trO0&dib_tag=se&keywords=cartucho+HP+667&qid=1758508510&sr=8-33&ufe=app_do%3Aamzn1.fos.fcd6d665-32ba-4479-9f21-b774e276a678,323.0,4.3,,(136),,2025-09-21 23:27:38,False,[],COMPATIVEL,0.6,"[0.6, 0.23, 0.17]",3,MÉDIO
"Cartucho de tinta H P 667XL Colorido Original (3YM80AB) Para Deskjet Ink Advantage 2376, 2776, 6476, 5076, 5276",https://www.amazon.com.br/Cartucho-667XL-Colorido-Original-Advantage/dp/B0CM7L6P7J/ref=sr_1_34?__mk_pt_BR=%C3%85M%C3%85%C5%BD%C3%95%C3%91&dib=eyJ2IjoiMSJ9.9zzyGXgH6QMHIwa_KE7dPqjeV1q4XyoLGIJ3iKPBDXtPoX3EADNs2IaEc-Vm-f2ScE8OwhM01PtQ0bEIQORttArf3YHXZWPv7fuUafujFz8M95VnxmeO6zN_LaJ8HhRmjUjL7ntoDLv8GqTooUgye070CyhHj5Aa4z7NyEg8RSML9I4yxHwEOO8N1rqx2Dnh_41FXxX6uQgaPsaQ0FrtTuVmKIQrlqx8cfaDHrO8ilBNbNt1Woo6wytfHS5P-w7Q2sGY7VRCg2BIv2nCUy3n3VppQCjo4oeclLw6te32-j4.vuAXWV-Erv-rGPa2JX4UDkgw26wEID254yHSqy9trO0&dib_tag=se&keywords=cartucho+HP+667&qid=1758508510&sr=8-34,,5.0,,(4),,2025-09-21 23:27:38,False,[],ORIGINAL,0.56,"[0.33, 0.56, 0.11]",1,BAIXO
"Cartucho HP 667 Preto Original (3YM79AB) Para HP Deskjet 2376, 2776, 6476, 5076, 5276 Preto",https://www.amazon.com.br/Cartucho-667-Original-3YM79AB-Deskjet/dp/B0CDQG1MJJ/ref=sr_1_35?__mk_pt_BR=%C3%85M%C3%85%C5%BD%C3%95%C3%91&dib=eyJ2IjoiMSJ9.9zzyGXgH6QMHIwa_KE7dPqjeV1q4XyoLGIJ3iKPBDXtPoX3EADNs2IaEc-Vm-f2ScE8OwhM01PtQ0bEIQORttArf3YHXZWPv7fuUafujFz8M95VnxmeO6zN_LaJ8HhRmjUjL7ntoDLv8GqTooUgye070CyhHj5Aa4z7NyEg8RSML9I4yxHwEOO8N1rqx2Dnh_41FXxX6uQgaPsaQ0FrtTuVmKIQrlqx8cfaDHrO8ilBNbNt1Woo6wytfHS5P-w7Q2sGY7VRCg2BIv2nCUy3n3VppQCjo4oeclLw6te32-j4.vuAXWV-Erv-rGPa2JX4UDkgw26wEID254yHSqy9trO0&dib_tag=se&keywords=cartucho+HP+667&qid=1758508510&sr=8-35,,,,Amazon.com.br,,2025-09-21 23:27:39,False,[],ORIGINAL,0.44,"[0.42, 0.44, 0.14]",1,BAIXO
"Cartucho de tinta 667XL preto e colorido de substituição para HP 667XL 667 XL cartuchos de tinta compatíveis com impressoras HP DeskJet 1275 2374 2375 2376 2775 2776 6075 6475 6476 (2 pretas, 1",https://www.amazon.com.br/667XL-substitui%C3%A7%C3%A3o-cartuchos-compat%C3%ADveis-impressoras/dp/B0DHWNG8G1/ref=sr_1_36?__mk_pt_BR=%C3%85M%C3%85%C5%BD%C3%95%C3%91&dib=eyJ2IjoiMSJ9.9zzyGXgH6QMHIwa_KE7dPqjeV1q4XyoLGIJ3iKPBDXtPoX3EADNs2IaEc-Vm-f2ScE8OwhM01PtQ0bEIQORttArf3YHXZWPv7fuUafujFz8M95VnxmeO6zN_LaJ8HhRmjUjL7ntoDLv8GqTooUgye070CyhHj5Aa4z7NyEg8RSML9I4yxHwEOO8N1rqx2Dnh_41FXxX6uQgaPsaQ0FrtTuVmKIQrlqx8cfaDHrO8ilBNbNt1Woo6wytfHS5P-w7Q2sGY7VRCg2BIv2nCUy3n3VppQCjo4oeclLw6te32-j4.vuAXWV-Erv-rGPa2JX4UDkgw26wEID254yHSqy9trO0&dib_tag=se&keywords=cartucho+HP+667&qid=1758508510&sr=8-36&ufe=app_do%3Aamzn1.fos.25548f35-0de7-44b3-b28e-0f56f3f96147,529.0,4.5,,(10),,2025-09-21 23:27:39,False,[],COMPATIVEL,0.55,"[0.55, 0.2, 0.25]",3,MÉDIO
Tinta 100ml Black Compativel Impressora Cartucho 667xl,https://www.amazon.com.br/Tinta-100ml-Compativel-Impressora-Cartucho/dp/B0CC3ST6K8/ref=sr_1_37?__mk_pt_BR=%C3%85M%C3%85%C5%BD%C3%95%C3%91&dib=eyJ2IjoiMSJ9.9zzyGXgH6QMHIwa_KE7dPqjeV1q4XyoLGIJ3iKPBDXtPoX3EADNs2IaEc-Vm-f2ScE8OwhM01PtQ0bEIQORttArf3YHXZWPv7fuUafujFz8M95VnxmeO6zN_LaJ8HhRmjUjL7ntoDLv8GqTooUgye070CyhHj5Aa4z7NyEg8RSML9I4yxHwEOO8N1rqx2Dnh_41FXxX6uQgaPsaQ0FrtTuVmKIQrlqx8cfaDHrO8ilBNbNt1Woo6wytfHS5P-w7Q2sGY7VRCg2BIv2nCUy3n3VppQCjo4oeclLw6te32-j4.vuAXWV-Erv-rGPa2JX4UDkgw26wEID254yHSqy9trO0&dib_tag=se&keywords=cartucho+HP+667&qid=1758508510&sr=8-37,17.0,4.8,,(6),,2025-09-21 23:27:39,False,[],COMPATIVEL,0.53,"[0.53, 0.28, 0.19]",4,ALTO
"Cartucho HP 667XL Preto Original (3YM78AB) Para impressoras HP Deskjet 1275, 2374, 2375, 2376, 2775, 2776, 6475, 6476, 5076, 5276 (Preto, XL)",https://www.amazon.com.br/Cartucho-Original-3YM78AB-impressoras-Deskjet/dp/B0CM79WB9F/ref=sr_1_38?__mk_pt_BR=%C3%85M%C3%85%C5%BD%C3%95%C3%91&dib=eyJ2IjoiMSJ9.9zzyGXgH6QMHIwa_KE7dPqjeV1q4XyoLGIJ3iKPBDXtPoX3EADNs2IaEc-Vm-f2ScE8OwhM01PtQ0bEIQORttArf3YHXZWPv7fuUafujFz8M95VnxmeO6zN_LaJ8HhRmjUjL7ntoDLv8GqTooUgye070CyhHj5Aa4z7NyEg8RSML9I4yxHwEOO8N1rqx2Dnh_41FXxX6uQgaPsaQ0FrtTuVmKIQrlqx8cfaDHrO8ilBNbNt1Woo6wytfHS5P-w7Q2sGY7VRCg2BIv2nCUy3n3VppQCjo4oeclLw6te32-j4.vuAXWV-Erv-rGPa2JX4UDkgw26wEID254yHSqy9trO0&dib_tag=se&keywords=cartucho+HP+667&qid=1758508510&sr=8-38,,,,Amazon.com.br,,2025-09-21 23:27:39,False,[],COMPATIVEL,0.41,"[0.41, 0.38, 0.21]",2,MÉDIO
"Kit 4 Tintas Stkink Compatível Advantage 667 667XL 2874 2774 2376 60K46A 1,25 Litro",https://www.amazon.com.br/Tintas-Stkink-Compat%C3%ADvel-Advantage-667XL/dp/B0DPLJ2XSZ/ref=sr_1_39?__mk_pt_BR=%C3%85M%C3%85%C5%BD%C3%95%C3%91&dib=eyJ2IjoiMSJ9.9zzyGXgH6QMHIwa_KE7dPqjeV1q4XyoLGIJ3iKPBDXtPoX3EADNs2IaEc-Vm-f2ScE8OwhM01PtQ0bEIQORttArf3YHXZWPv7fuUafujFz8M95VnxmeO6zN_LaJ8HhRmjUjL7ntoDLv8GqTooUgye070CyhHj5Aa4z7NyEg8RSML9I4yxHwEOO8N1rqx2Dnh_41FXxX6uQgaPsaQ0FrtTuVmKIQrlqx8cfaDHrO8ilBNbNt1Woo6wytfHS5P-w7Q2sGY7VRCg2BIv2nCUy3n3VppQCjo4oeclLw6te32-j4.vuAXWV-Erv-rGPa2JX4UDkgw26wEID254yHSqy9trO0&dib_tag=se&keywords=cartucho+HP+667&qid=1758508510&sr=8-39&ufe=app_do%3Aamzn1.fos.6a09f7ec-d911-4889-ad70-de8dd83c8a74,134.0,,,Amazon.com.br,,2025-09-21 23:27:39,True,"[""Palavra-chave suspeita: 'compatível'""]",COMPATIVEL,0.49,"[0.49, 0.25, 0.26]",2,MÉDIO
Kit 4 Tintas Stkink Compatível Advantage 667 667XL 2874 2774 2376 60K46A 500ml,https://www.amazon.com.br/Tintas-Stkink-Compat%C3%ADvel-Advantage-667XL/dp/B0DPLFRRJJ/ref=sr_1_40?__mk_pt_BR=%C3%85M%C3%85%C5%BD%C3%95%C3%91&dib=eyJ2IjoiMSJ9.9zzyGXgH6QMHIwa_KE7dPqjeV1q4XyoLGIJ3iKPBDXtPoX3EADNs2IaEc-Vm-f2ScE8OwhM01PtQ0bEIQORttArf3YHXZWPv7fuUafujFz8M95VnxmeO6zN_LaJ8HhRmjUjL7ntoDLv8GqTooUgye070CyhHj5Aa4z7NyEg8RSML9I4yxHwEOO8N1rqx2Dnh_41FXxX6uQgaPsaQ0FrtTuVmKIQrlqx8cfaDHrO8ilBNbNt1Woo6wytfHS5P-w7Q2sGY7VRCg2BIv2nCUy3n3VppQCjo4oeclLw6te32-j4.vuAXWV-Erv-rGPa2JX4UDkgw26wEID254yHSqy9trO0&dib_tag=se&keywords=cartucho+HP+667&qid=1758508510&sr=8-40&ufe=app_do%3Aamzn1.fos.fcd6d665-32ba-4479-9f21-b774e276a678,189.0,5.0,,(1),,2025-09-21 23:27:39,True,"[""Palavra-chave suspeita: 'compatível'""]",COMPATIVEL,0.49,"[0.49, 0.25, 0.26]",2,MÉDIO
"Kit 4 Tintas Stkink Compatível Advantage 667 667XL 2874 2774 2376 60K46A 1,75 Litro",https://www.amazon.com.br/Tintas-Stkink-Compat%C3%ADvel-Advantage-667XL/dp/B0DPLHJ1NK/ref=sr_1_41?__mk_pt_BR=%C3%85M%C3%85%C5%BD%C3%95%C3%91&dib=eyJ2IjoiMSJ9.9zzyGXgH6QMHIwa_KE7dPqjeV1q4XyoLGIJ3iKPBDXtPoX3EADNs2IaEc-Vm-f2ScE8OwhM01PtQ0bEIQORttArf3YHXZWPv7fuUafujFz8M95VnxmeO6zN_LaJ8HhRmjUjL7ntoDLv8GqTooUgye070CyhHj5Aa4z7NyEg8RSML9I4yxHwEOO8N1rqx2Dnh_41FXxX6uQgaPsaQ0FrtTuVmKIQrlqx8cfaDHrO8ilBNbNt1Woo6wytfHS5P-w7Q2sGY7VRCg2BIv2nCUy3n3VppQCjo4oeclLw6te32-j4.vuAXWV-Erv-rGPa2JX4UDkgw26wEID254yHSqy9trO0&dib_tag=se&keywords=cartucho+HP+667&qid=1758508510&sr=8-41&ufe=app_do%3Aamzn1.fos.db68964d-7c0e-4bb2-a95c-e5cb9e32eb12,152.0,,,Amazon.com.br,,2025-09-21 23:27:39,True,"[""Palavra-chave suspeita: 'compatível'""]",COMPATIVEL,0.5,"[0.5, 0.24, 0.26]",2,MÉDIO
"Cartucho de tinta H P 667XL Colorido Original (3YM80AB) Para Deskjet Ink Advantage 2376, 2776, 6476, 5076, 5276",https://www.amazon.com.br/Cartucho-667XL-Colorido-Original-Advantage/dp/B0CGWZYGCB/ref=sr_1_42?__mk_pt_BR=%C3%85M%C3%85%C5%BD%C3%95%C3%91&dib=eyJ2IjoiMSJ9.9zzyGXgH6QMHIwa_KE7dPqjeV1q4XyoLGIJ3iKPBDXtPoX3EADNs2IaEc-Vm-f2ScE8OwhM01PtQ0bEIQORttArf3YHXZWPv7fuUafujFz8M95VnxmeO6zN_LaJ8HhRmjUjL7ntoDLv8GqTooUgye070CyhHj5Aa4z7NyEg8RSML9I4yxHwEOO8N1rqx2Dnh_41FXxX6uQgaPsaQ0FrtTuVmKIQrlqx8cfaDHrO8ilBNbNt1Woo6wytfHS5P-w7Q2sGY7VRCg2BIv2nCUy3n3VppQCjo4oeclLw6te32-j4.vuAXWV-Erv-rGPa2JX4UDkgw26wEID254yHSqy9trO0&dib_tag=se&keywords=cartucho+HP+667&qid=1758508510&sr=8-42,,5.0,,(1),,2025-09-21 23:27:39,False,[],ORIGINAL,0.56,"[0.33, 0.56, 0.11]",1,BAIXO
"Cartucho H P 667 Preto Original (3YM79AB) Para H P Deskjet 2376, 2776, 6476, 5076, 5276",https://www.amazon.com.br/Cartucho-667-Original-3YM79AB-Deskjet/dp/B0DJPTWTWK/ref=sr_1_43?__mk_pt_BR=%C3%85M%C3%85%C5%BD%C3%95%C3%91&dib=eyJ2IjoiMSJ9.9zzyGXgH6QMHIwa_KE7dPqjeV1q4XyoLGIJ3iKPBDXtPoX3EADNs2IaEc-Vm-f2ScE8OwhM01PtQ0bEIQORttArf3YHXZWPv7fuUafujFz8M95VnxmeO6zN_LaJ8HhRmjUjL7ntoDLv8GqTooUgye070CyhHj5Aa4z7NyEg8RSML9I4yxHwEOO8N1rqx2Dnh_41FXxX6uQgaPsaQ0FrtTuVmKIQrlqx8cfaDHrO8ilBNbNt1Woo6wytfHS5P-w7Q2sGY7VRCg2BIv2nCUy3n3VppQCjo4oeclLw6te32-j4.vuAXWV-Erv-rGPa2JX4UDkgw26wEID254yHSqy9trO0&dib_tag=se&keywords=cartucho+HP+667&qid=1758508510&sr=8-43,,,,Amazon.com.br,,2025-09-21 23:27:39,False,[],ORIGINAL,0.45,"[0.43, 0.45, 0.12]",1,BAIXO
Kit com 02 Cartuchos HP 667 - Preto e Colorido,https://www.amazon.com.br/Kit-com-02-Cartuchos-667/dp/B0CMVWTRKD/ref=sr_1_44?__mk_pt_BR=%C3%85M%C3%85%C5%BD%C3%95%C3%91&dib=eyJ2IjoiMSJ9.9zzyGXgH6QMHIwa_KE7dPqjeV1q4XyoLGIJ3iKPBDXtPoX3EADNs2IaEc-Vm-f2ScE8OwhM01PtQ0bEIQORttArf3YHXZWPv7fuUafujFz8M95VnxmeO6zN_LaJ8HhRmjUjL7ntoDLv8GqTooUgye070CyhHj5Aa4z7NyEg8RSML9I4yxHwEOO8N1rqx2Dnh_41FXxX6uQgaPsaQ0FrtTuVmKIQrlqx8cfaDHrO8ilBNbNt1Woo6wytfHS5P-w7Q2sGY7VRCg2BIv2nCUy3n3VppQCjo4oeclLw6te32-j4.vuAXWV-Erv-rGPa2JX4UDkgw26wEID254yHSqy9trO0&dib_tag=se&keywords=cartucho+HP+667&qid=1758508510&sr=8-44,,,,Amazon.com.br,,2025-09-21 23:27:40,False,[],COMPATIVEL,0.67,"[0.67, 0.19, 0.14]",2,MÉDIO
Kit com 02 Cartuchos HP 667 - Preto e Colorido,https://www.amazon.com.br/Kit-com-02-Cartuchos-667/dp/B0CDST27QW/ref=sr_1_45?__mk_pt_BR=%C3%85M%C3%85%C5%BD%C3%95%C3%91&dib=eyJ2IjoiMSJ9.9zzyGXgH6QMHIwa_KE7dPqjeV1q4XyoLGIJ3iKPBDXtPoX3EADNs2IaEc-Vm-f2ScE8OwhM01PtQ0bEIQORttArf3YHXZWPv7fuUafujFz8M95VnxmeO6zN_LaJ8HhRmjUjL7ntoDLv8GqTooUgye070CyhHj5Aa4z7NyEg8RSML9I4yxHwEOO8N1rqx2Dnh_41FXxX6uQgaPsaQ0FrtTuVmKIQrlqx8cfaDHrO8ilBNbNt1Woo6wytfHS5P-w7Q2sGY7VRCg2BIv2nCUy3n3VppQCjo4oeclLw6te32-j4.vuAXWV-Erv-rGPa2JX4UDkgw26wEID254yHSqy9trO0&dib_tag=se&keywords=cartucho+HP+667&qid=1758508510&sr=8-45,,,,Amazon.com.br,,2025-09-21 23:27:40,False,[],COMPATIVEL,0.67,"[0.67, 0.19, 0.14]",2,MÉDIO
Cartucho de tinta 667XL preto compatível com HP Ink 667 667XL Tinta de impressora funciona com DeskJet 1275 2374 2375 2376 2775 2776 6075 6475 6476 impressoras (1 volta),https://www.amazon.com.br/Cartucho-compat%C3%ADvel-impressora-funciona-impressoras/dp/B0F2N2MJQN/ref=sr_1_46?__mk_pt_BR=%C3%85M%C3%85%C5%BD%C3%95%C3%91&dib=eyJ2IjoiMSJ9.9zzyGXgH6QMHIwa_KE7dPqjeV1q4XyoLGIJ3iKPBDXtPoX3EADNs2IaEc-Vm-f2ScE8OwhM01PtQ0bEIQORttArf3YHXZWPv7fuUafujFz8M95VnxmeO6zN_LaJ8HhRmjUjL7ntoDLv8GqTooUgye070CyhHj5Aa4z7NyEg8RSML9I4yxHwEOO8N1rqx2Dnh_41FXxX6uQgaPsaQ0FrtTuVmKIQrlqx8cfaDHrO8ilBNbNt1Woo6wytfHS5P-w7Q2sGY7VRCg2BIv2nCUy3n3VppQCjo4oeclLw6te32-j4.vuAXWV-Erv-rGPa2JX4UDkgw26wEID254yHSqy9trO0&dib_tag=se&keywords=cartucho+HP+667&qid=1758508510&sr=8-46&ufe=app_do%3Aamzn1.fos.e05b01e0-91a7-477e-a514-15a32325a6d6,441.0,,,Amazon.com.br,,2025-09-21 23:27:40,True,"[""Palavra-chave suspeita: 'compatível'""]",COMPATIVEL,0.47,"[0.47, 0.22, 0.31]",3,MÉDIO
"Cartucho Hp 664 preto Original (f6v29ab) Para Hp Deskjet 2136, 2676, 3776, 5076, 5276",https://www.amazon.com.br/HP-F6V29AB-Cartucho-Tinta-Preto/dp/B074HMBWQG/ref=sr_1_47?__mk_pt_BR=%C3%85M%C3%85%C5%BD%C3%95%C3%91&dib=eyJ2IjoiMSJ9.9zzyGXgH6QMHIwa_KE7dPqjeV1q4XyoLGIJ3iKPBDXtPoX3EADNs2IaEc-Vm-f2ScE8OwhM01PtQ0bEIQORttArf3YHXZWPv7fuUafujFz8M95VnxmeO6zN_LaJ8HhRmjUjL7ntoDLv8GqTooUgye070CyhHj5Aa4z7NyEg8RSML9I4yxHwEOO8N1rqx2Dnh_41FXxX6uQgaPsaQ0FrtTuVmKIQrlqx8cfaDHrO8ilBNbNt1Woo6wytfHS5P-w7Q2sGY7VRCg2BIv2nCUy3n3VppQCjo4oeclLw6te32-j4.vuAXWV-Erv-rGPa2JX4UDkgw26wEID254yHSqy9trO0&dib_tag=se&keywords=cartucho+HP+667&qid=1758508510&sr=8-47&ufe=app_do%3Aamzn1.fos.6d798eae-cadf-45de-946a-f477d47705b9,68.0,4.7,,"(19,7 mil)",,2025-09-21 23:27:40,False,[],ORIGINAL,0.47,"[0.38, 0.47, 0.15]",1,BAIXO
Kit 4 Tintas Stkink Compatível Advantage 667 667XL 2874 2774 2376 60K46A 1 Litro,https://www.amazon.com.br/Tintas-Stkink-Compat%C3%ADvel-Advantage-667XL/dp/B0DPLDVYYB/ref=sr_1_48?__mk_pt_BR=%C3%85M%C3%85%C5%BD%C3%95%C3%91&dib=eyJ2IjoiMSJ9.9zzyGXgH6QMHIwa_KE7dPqjeV1q4XyoLGIJ3iKPBDXtPoX3EADNs2IaEc-Vm-f2ScE8OwhM01PtQ0bEIQORttArf3YHXZWPv7fuUafujFz8M95VnxmeO6zN_LaJ8HhRmjUjL7ntoDLv8GqTooUgye070CyhHj5Aa4z7NyEg8RSML9I4yxHwEOO8N1rqx2Dnh_41FXxX6uQgaPsaQ0FrtTuVmKIQrlqx8cfaDHrO8ilBNbNt1Woo6wytfHS5P-w7Q2sGY7VRCg2BIv2nCUy3n3VppQCjo4oeclLw6te32-j4.vuAXWV-Erv-rGPa2JX4UDkgw26wEID254yHSqy9trO0&dib_tag=se&keywords=cartucho+HP+667&qid=1758508510&sr=8-48&ufe=app_do%3Aamzn1.fos.fcd6d665-32ba-4479-9f21-b774e276a678,254.0,,,Amazon.com.br,,2025-09-21 23:27:40,True,"[""Palavra-chave suspeita: 'compatível'""]",COMPATIVEL,0.5,"[0.5, 0.24, 0.26]",3,MÉDIO
"Cartucho de tinta 667XL preto e colorido combo de substituição para HP 667XL 667 XL cartuchos de tinta funciona para impressoras HP DeskJet 1275 2374 2375 2376 2775 2776 6075 6475 6476 (1 preta, 1",https://www.amazon.com.br/Cartucho-667XL-substitui%C3%A7%C3%A3o-cartuchos-impressoras/dp/B0D7KWQWHF/ref=sr_1_49?__mk_pt_BR=%C3%85M%C3%85%C5%BD%C3%95%C3%91&dib=eyJ2IjoiMSJ9.9zzyGXgH6QMHIwa_KE7dPqjeV1q4XyoLGIJ3iKPBDXtPoX3EADNs2IaEc-Vm-f2ScE8OwhM01PtQ0bEIQORttArf3YHXZWPv7fuUafujFz8M95VnxmeO6zN_LaJ8HhRmjUjL7ntoDLv8GqTooUgye070CyhHj5Aa4z7NyEg8RSML9I4yxHwEOO8N1rqx2Dnh_41FXxX6uQgaPsaQ0FrtTuVmKIQrlqx8cfaDHrO8ilBNbNt1Woo6wytfHS5P-w7Q2sGY7VRCg2BIv2nCUy3n3VppQCjo4oeclLw6te32-j4.vuAXWV-Erv-rGPa2JX4UDkgw26wEID254yHSqy9trO0&dib_tag=se&keywords=cartucho+HP+667&qid=1758508510&sr=8-49&ufe=app_do%3Aamzn1.fos.25548f35-0de7-44b3-b28e-0f56f3f96147,554.0,4.2,,(17),,2025-09-21 23:27:40,False,[],COMPATIVEL,0.56,"[0.56, 0.19, 0.25]",3,MÉDIO
"Cartuchos de tinta de substituição 667XL 667 XL 667 para hp 667 cartuchos de tinta pretos e coloridos para Deskjet Ink Advantage 1275 2375 2775, Deskjet Ink Advantage Plus 6075 6475 6476 (2 preto)",https://www.amazon.com.br/Cartuchos-substitui%C3%A7%C3%A3o-cartuchos-coloridos-Advantage/dp/B0DT3S9L1S/ref=sr_1_50?__mk_pt_BR=%C3%85M%C3%85%C5%BD%C3%95%C3%91&dib=eyJ2IjoiMSJ9.9zzyGXgH6QMHIwa_KE7dPqjeV1q4XyoLGIJ3iKPBDXtPoX3EADNs2IaEc-Vm-f2ScE8OwhM01PtQ0bEIQORttArf3YHXZWPv7fuUafujFz8M95VnxmeO6zN_LaJ8HhRmjUjL7ntoDLv8GqTooUgye070CyhHj5Aa4z7NyEg8RSML9I4yxHwEOO8N1rqx2Dnh_41FXxX6uQgaPsaQ0FrtTuVmKIQrlqx8cfaDHrO8ilBNbNt1Woo6wytfHS5P-w7Q2sGY7VRCg2BIv2nCUy3n3VppQCjo4oeclLw6te32-j4.vuAXWV-Erv-rGPa2JX4UDkgw26wEID254yHSqy9trO0&dib_tag=se&keywords=cartucho+HP+667&qid=1758508510&sr=8-50&ufe=app_do%3Aamzn1.fos.4bb5663b-6f7d-4772-84fa-7c7f565ec65b,360.0,,,Amazon.com.br,,2025-09-21 23:27:40,False,[],COMPATIVEL,0.55,"[0.55, 0.29, 0.16]",3,MÉDIO
"Cartucho 667 Colorido Original (3YM78AB) Para impressoras Deskjet 1275, 2374, 2375, 2376, 2775, 2776, 6475, 6476, 5076, 5276",https://www.amazon.com.br/Cartucho-Colorido-Original-3YM78AB-impressoras/dp/B0F496TKWW/ref=sr_1_51?__mk_pt_BR=%C3%85M%C3%85%C5%BD%C3%95%C3%91&dib=eyJ2IjoiMSJ9.9zzyGXgH6QMHIwa_KE7dPqjeV1q4XyoLGIJ3iKPBDXtPoX3EADNs2IaEc-Vm-f2ScE8OwhM01PtQ0bEIQORttArf3YHXZWPv7fuUafujFz8M95VnxmeO6zN_LaJ8HhRmjUjL7ntoDLv8GqTooUgye070CyhHj5Aa4z7NyEg8RSML9I4yxHwEOO8N1rqx2Dnh_41FXxX6uQgaPsaQ0FrtTuVmKIQrlqx8cfaDHrO8ilBNbNt1Woo6wytfHS5P-w7Q2sGY7VRCg2BIv2nCUy3n3VppQCjo4oeclLw6te32-j4.vuAXWV-Erv-rGPa2JX4UDkgw26wEID254yHSqy9trO0&dib_tag=se&keywords=cartucho+HP+667&qid=1758508510&sr=8-51,,,,Amazon.com.br,,2025-09-21 23:27:40,False,[],COMPATIVEL,0.43,"[0.43, 0.37, 0.2]",2,MÉDIO
"SHUPAN Cartucho de tinta 667XL preto e colorido, substituição para cartuchos de tinta HP 667XL 667 XL, para impressoras HP DeskJet 1275 2374 2375 2376 2775 2776 6075 6475 6476 (1 preto, 1 tricolor)",https://www.amazon.com.br/SHUPAN-Cartucho-substitui%C3%A7%C3%A3o-cartuchos-impressoras/dp/B0BNN8RSRV/ref=sr_1_52?__mk_pt_BR=%C3%85M%C3%85%C5%BD%C3%95%C3%91&dib=eyJ2IjoiMSJ9.9zzyGXgH6QMHIwa_KE7dPqjeV1q4XyoLGIJ3iKPBDXtPoX3EADNs2IaEc-Vm-f2ScE8OwhM01PtQ0bEIQORttArf3YHXZWPv7fuUafujFz8M95VnxmeO6zN_LaJ8HhRmjUjL7ntoDLv8GqTooUgye070CyhHj5Aa4z7NyEg8RSML9I4yxHwEOO8N1rqx2Dnh_41FXxX6uQgaPsaQ0FrtTuVmKIQrlqx8cfaDHrO8ilBNbNt1Woo6wytfHS5P-w7Q2sGY7VRCg2BIv2nCUy3n3VppQCjo4oeclLw6te32-j4.vuAXWV-Erv-rGPa2JX4UDkgw26wEID254yHSqy9trO0&dib_tag=se&keywords=cartucho+HP+667&qid=1758508510&sr=8-52&ufe=app_do%3Aamzn1.fos.25548f35-0de7-44b3-b28e-0f56f3f96147,655.0,3.6,,(69),,2025-09-21 23:27:40,False,[],COMPATIVEL,0.56,"[0.56, 0.19, 0.25]",3,MÉDIO
